id,image_filename,image_source_url,image_original_url,image_author,image_date,image_institution,image_license,image_license_url,image_credit,image_rights_verified,notes
03-12-france-1832-la-sylphide,03-12-france-1832-la-sylphide.jpg,https://commons.wikimedia.org/wiki/File:Marie_Taglioni%2C_r%C3%B4le_de_la_Sylphide_-_btv1b84266543.jpg,https://upload.wikimedia.org/wikipedia/commons/4/47/Marie_Taglioni%2C_r%C3%B4le_de_la_Sylphide_-_btv1b84266543.jpg,Auteur non indiqué dans la notice Commons,entre 1830 et 1850,"Bibliothèque nationale de France, département Musique",Domaine public / CC0 indiqué dans les données structurées Commons,https://creativecommons.org/publicdomain/zero/1.0/,Marie Taglioni dans le rôle de la Sylphide — Bibliothèque nationale de France — domaine public,true,
03-12-europe-1365-university-vienna,03-12-europe-1365-university-vienna.jpg,https://commons.wikimedia.org/wiki/File:14th-century_unknown_painters_-_Portrait_of_Duke_Rudolf_IV_of_Austria_-_WGA23515.jpg,https://upload.wikimedia.org/wikipedia/commons/3/30/14th-century_unknown_painters_-_Portrait_of_Duke_Rudolf_IV_of_Austria_-_WGA23515.jpg,Maître bohémien anonyme,vers 1360-1365,Dom Museum Wien,Domaine public (Public Domain Mark),https://creativecommons.org/publicdomain/mark/1.0/,"Portrait de Rodolphe IV d’Autriche, maître bohémien anonyme, vers 1360-1365 — Dom Museum Wien — domaine public",true,
03-12-world-1930-salt-march,03-12-world-1930-salt-march.jpg,https://commons.wikimedia.org/wiki/File:Gandhi_Salt_March.jpg,https://upload.wikimedia.org/wikipedia/commons/7/76/Gandhi_Salt_March.jpg,Auteur inconnu,1930,Non indiquée,Domaine public en Inde et aux États-Unis selon la notice Commons,https://commons.wikimedia.org/wiki/File:Gandhi_Salt_March.jpg,"Gandhi pendant la Marche du sel, auteur inconnu, 1930 — domaine public selon la notice Wikimedia Commons",true,
08-08-france-1788-etats-generaux,08-08-france-1788-etats-generaux.jpg,https://commons.wikimedia.org/wiki/File:Louis_XVI_of_France.jpg,https://commons.wikimedia.org/wiki/Special:Redirect/file/Louis%20XVI%20of%20France.jpg,Joseph-Siffred Duplessis (1725-1802),,Château de Versailles (MV 3966),Domaine public,,"Portrait de Louis XVI, via Wikimedia Commons.",true,
08-08-europe-1963-great-train-robbery,08-08-europe-1963-great-train-robbery.svg,https://commons.wikimedia.org/wiki/File:Great_train_robbery_map.svg,https://commons.wikimedia.org/wiki/Special:Redirect/file/Great%20train%20robbery%20map.svg,Cmglee et contributeurs OpenStreetMap,,Données OpenStreetMap,CC BY-SA (2.0/2.5/3.0/4.0) / GFDL 1.2+,,"Carte des lieux associés au Great Train Robbery, Wikimedia Commons.",true,
08-08-world-1945-ussr-war-japan,08-08-world-1945-ussr-war-japan.svg,https://commons.wikimedia.org/wiki/File:Manchuria_Operation_map.svg,https://commons.wikimedia.org/wiki/Special:Redirect/file/Manchuria%20Operation%20map.svg,"Tazadeperla, d'après les cartes de David Glantz",,,CC BY-SA 3.0 / GFDL 1.2+,,"Carte de l’offensive soviétique en Mandchourie, Wikimedia Commons.",true,
08-09-france-1830-louis-philippe,08-09-france-1830-louis-philippe.jpg,https://commons.wikimedia.org/wiki/File:Louis-Philippe_de_Bourbon.jpg,https://commons.wikimedia.org/wiki/Special:Redirect/file/Louis-Philippe%20de%20Bourbon.jpg,Franz Xaver Winterhalter (1805-1873),,Musée du Louvre (RF 1975-26) / Château de Versailles (MV 8563),Domaine public,,"Portrait de Louis-Philippe Ier, Wikimedia Commons.",true,
08-09-europe-1173-pise,08-09-europe-1173-pise.jpg,"https://commons.wikimedia.org/wiki/File:Duomo_and_Leaning_Tower,_Pisa,_June_2013.JPG","https://commons.wikimedia.org/wiki/Special:Redirect/file/Duomo%20and%20Leaning%20Tower,%20Pisa,%20June%202013.JPG",Ardfern,,,CC BY-SA 3.0 / GFDL 1.2+,,"Duomo et tour de Pise, photographie (Ardfern, juin 2013), Wikimedia Commons.",true,
08-09-world-1945-nagasaki,08-09-world-1945-nagasaki.jpg,https://commons.wikimedia.org/wiki/File:Nagasaki_mushroom_cloud.jpg,https://commons.wikimedia.org/wiki/Special:Redirect/file/Nagasaki%20mushroom%20cloud.jpg,Auteur inconnu (armée américaine),,,Domaine public (travail d'un soldat/employé de l'armée américaine),,"Nuage atomique au-dessus de Nagasaki, domaine public, Wikimedia Commons.",true,
08-10-france-1792-tuileries,08-10-france-1792-tuileries.jpg,https://commons.wikimedia.org/wiki/File:Jacques_Bertaux_-_Prise_du_palais_des_Tuileries_-_1793.jpg,https://commons.wikimedia.org/wiki/Special:Redirect/file/Jacques%20Bertaux%20-%20Prise%20du%20palais%20des%20Tuileries%20-%201793.jpg,Jacques Bertaux (1741-1813),,Château de Versailles (MV 5182) / Louvre (INV 2521),Domaine public,,"Prise du palais des Tuileries, peinture de Jacques Bertaux (1793), Château de Versailles — domaine public.",true,
08-10-europe-1628-vasa,08-10-europe-1628-vasa.jpg,"https://commons.wikimedia.org/wiki/File:Vasa,_Swedish_warship_1628_(43476340540).jpg","https://commons.wikimedia.org/wiki/Special:Redirect/file/Vasa,%20Swedish%20warship%201628%20(43476340540).jpg",Sonse,,"Vasa Museum, Stockholm",CC BY 2.0,,"Le Vasa au musée de Stockholm, photographie via Wikimedia Commons.",true,
08-10-world-1990-magellan-venus,08-10-world-1990-magellan-venus.png,https://commons.wikimedia.org/wiki/File:Magellan_-_artist_depiction.png,https://commons.wikimedia.org/wiki/Special:Redirect/file/Magellan%20-%20artist%20depiction.png,NASA/JPL,,NASA/JPL,Domaine public (NASA),,"Vue d'artiste de la sonde Magellan près de Vénus, NASA/JPL — domaine public.",true,
08-11-france-1297-canonisation-louis-ix,08-11-france-1297-canonisation-louis-ix.jpg,https://commons.wikimedia.org/wiki/File:Saintlouis.jpg,https://commons.wikimedia.org/wiki/Special:Redirect/file/Saintlouis.jpg,"Auteur non indiqué (Bible moralisée de Tolède, XIIIe siècle)",,The Morgan Library & Museum,Domaine public (Public Domain Mark 1.0),,"Louis IX (saint Louis), détail de la Bible moralisée de Tolède, XIIIe siècle — The Morgan Library — domaine public.",true,
08-11-europe-1919-weimar-constitution,08-11-europe-1919-weimar-constitution.jpg,https://commons.wikimedia.org/wiki/File:Weimar_Constitution.jpg,https://commons.wikimedia.org/wiki/Special:Redirect/file/Weimar%20Constitution.jpg,Mise en ligne par JonRoma (Wikipédia anglophone),,,Domaine public,,"Page ou document relatif à la Constitution de Weimar, Wikimedia Commons.",true,
08-11-world-1960-chad-independence,08-11-world-1960-chad-independence.jpg,https://commons.wikimedia.org/wiki/File:Fran%C3%A7ois_Tombalbaye_1959.jpg,https://commons.wikimedia.org/wiki/Special:Redirect/file/Fran%C3%A7ois%20Tombalbaye%201959.jpg,Moshe Pridan,,Government Press Office (Israël),Domaine public en Israël (photo de 1959),,"François Tombalbaye, premier président du Tchad, Wikimedia Commons.",true,
08-12-france-1944-liberation-alencon,08-12-france-1944-liberation-alencon.jpg,https://commons.wikimedia.org/wiki/File:Liberation_de_paris_-_26_aout_1944_-_portrait_du_general_jacques-philippe_leclerc_de_hautecl_427563.jpg,https://upload.wikimedia.org/wikipedia/commons/thumb/d/d6/Liberation_de_paris_-_26_aout_1944_-_portrait_du_general_jacques-philippe_leclerc_de_hautecl_427563.jpg/960px-Liberation_de_paris_-_26_aout_1944_-_portrait_du_general_jacques-philippe_leclerc_de_hautecl_427563.jpg,,,"Musée Carnavalet, Paris",CC0,,"Portrait du général Leclerc de Hauteclocque, jour de la Libération de Paris (26 août 1944), Musée Carnavalet — CC0. Aucune photographie de la libération d'Alençon elle-même n'a été trouvée avec licence vérifiée.",true,
08-12-europe-1687-mohacs,08-12-europe-1687-mohacs.jpg,https://commons.wikimedia.org/wiki/File:Battle_of_Moh%C3%A1cs_1687.jpg,https://commons.wikimedia.org/wiki/Special:Redirect/file/Battle%20of%20Moh%C3%A1cs%201687.jpg,Wilhelm Camphausen (1818-1885),,,Domaine public,,"Représentation de la bataille de Mohács de 1687, Wikimedia Commons.",true,
08-12-world-1960-echo-1,08-12-world-1960-echo-1.jpg,https://commons.wikimedia.org/wiki/File:Echo_1_Satellite.jpg,https://commons.wikimedia.org/wiki/Special:Redirect/file/Echo%201%20Satellite.jpg,BananaJoe33,,Steven F. Udvar-Hazy Center (exemplaire exposé),CC BY-SA 4.0,,"Exemplaire du satellite Echo 1 exposé au Steven F. Udvar-Hazy Center, photographie (BananaJoe33), Wikimedia Commons.",true,
08-13-france-1532-union-bretagne,08-13-france-1532-union-bretagne.jpg,"https://commons.wikimedia.org/wiki/File:Portrait_de_Fran%C3%A7ois_Ier,_roi_de_France_(1494-1547)._Vers_1530._Jean_Clouet.jpg","https://commons.wikimedia.org/wiki/Special:Redirect/file/Portrait%20de%20Fran%C3%A7ois%20Ier,%20roi%20de%20France%20(1494-1547).%20Vers%201530.%20Jean%20Clouet.jpg",Jean Clouet,,Musée du Louvre (INV 3256),CC BY 2.0,,"Portrait de François Ier, roi de France, par Jean Clouet (vers 1527-1530), musée du Louvre. Aucune image de l'édit d'union lui-même n'a été trouvée avec licence vérifiée.",true,
08-13-europe-1961-mur-berlin,08-13-europe-1961-mur-berlin.jpg,"https://commons.wikimedia.org/wiki/File:Bundesarchiv_Bild_173-1321,_Berlin,_Mauerbau.jpg","https://commons.wikimedia.org/wiki/Special:Redirect/file/Bundesarchiv%20Bild%20173-1321,%20Berlin,%20Mauerbau.jpg",Helmut J. Wolf,,Bundesarchiv,CC BY-SA 3.0 DE,,"Construction du mur de Berlin, Bundesarchiv, Wikimedia Commons.",true,
08-13-world-1960-centrafrique,08-13-world-1960-centrafrique.jpg,https://commons.wikimedia.org/wiki/File:David_Dacko_1962.jpg,https://commons.wikimedia.org/wiki/Special:Redirect/file/David%20Dacko%201962.jpg,"Recadrage par Aréat, d'après un timbre (President-D-Dacko stamp.jpg)",,,"Domaine public (droit d'auteur centrafricain, Ordonnance n°85.002)",,"David Dacko, premier président de la République centrafricaine, Wikimedia Commons.",true,
08-14-france-1756-fort-oswego,08-14-france-1756-fort-oswego.jpg,https://commons.wikimedia.org/wiki/File:Plan_des_forts_pris_par_Montcalm_en_ao%C3%BBt_1756._Bataille_d%27Oswego.jpg,https://commons.wikimedia.org/wiki/Special:Redirect/file/Plan%20des%20forts%20pris%20par%20Montcalm%20en%20ao%C3%BBt%201756.%20Bataille%20d%27Oswego.jpg,"Therbu, L. et Cöntgen Georg Joseph (graveurs)",,Library of Congress,Domaine public,,"Plan gravé des forts britanniques pris par Montcalm à Oswego, août 1756 — Library of Congress — domaine public.",true,
08-14-europe-1385-aljubarrota,08-14-europe-1385-aljubarrota.jpg,https://commons.wikimedia.org/wiki/File:Batalha_de_Aljubarrota.jpg,https://commons.wikimedia.org/wiki/Special:Redirect/file/Batalha%20de%20Aljubarrota.jpg,Mis en ligne par L Gonçalves (Wikipédia lusophone),,,Domaine public (Public Domain Mark 1.0),,"Représentation de la bataille d’Aljubarrota, Wikimedia Commons.",true,
08-14-world-1947-pakistan,08-14-world-1947-pakistan.jpg,https://commons.wikimedia.org/wiki/File:Jinnah1945c.jpg,https://commons.wikimedia.org/wiki/Special:Redirect/file/Jinnah1945c.jpg,Auteur inconnu,,,Domaine public (Pakistan et États-Unis),,"Muhammad Ali Jinnah, fondateur du Pakistan, Wikimedia Commons.",true,
